annee,op,n,femmes,jeunes,age_connu,sup,prod_t,ca,marge,conforme,conversion,non_conforme,non_renseigne,nouveaux,present_n1,territoire_ok,doublon,uniques
2019,CKK,2248,633,1431,2248,1259.03,1888.54,1038699.0,623219.0,0,0,2248,0,2248,0,2248,58,2248
2019,COOKKANZ,1616,202,917,1589,899.29,1348.93,741911.0,445146.0,0,0,1616,0,1616,0,1616,197,1616
2020,CKK,2363,656,1391,2363,1296.77,2204.52,1212484.0,727490.0,2349,0,14,0,232,2131,2059,146,2363
2020,COOKKANZ,1807,210,1014,1807,1012.07,1720.52,946288.0,567773.0,1807,0,0,0,606,1201,1807,0,1807
2021,CKK,2258,634,1181,2258,1249.67,4373.84,2405612.0,1443367.0,2258,0,0,0,2,2136,2258,58,2258
2021,COOKKANZ,1807,210,914,1807,1000.79,3502.75,1926514.0,1155908.0,1807,0,0,0,0,1807,28,0,1807
2022,CKK,2263,633,1011,2263,1255.09,4583.62,2520990.0,1512594.0,27,0,0,2236,1,2256,54,56,2263
2022,COOKKANZ,2031,250,850,2023,1139.69,4171.27,2294198.0,1376519.0,2016,0,0,15,247,1768,34,8,2031
2022,COOKURU,1,1,0,1,0.47,1.9,1047.0,628.0,0,1,0,0,1,0,1,0,1
2023,CKK,2333,649,786,2333,1300.11,5219.74,2870858.0,1722515.0,2319,0,14,0,0,2113,2028,144,2333
2023,COOKKANZ,2192,294,679,2176,1208.0,4850.12,2667566.0,1600539.0,2154,23,0,15,158,2031,37,8,2192
2023,COOKURU,4,2,2,4,1.89,7.65,4207.0,2524.0,0,4,0,0,4,0,4,0,4
2024,CKK,2677,809,667,2677,1476.33,5942.24,3268234.0,1960940.0,2663,0,14,0,416,2214,2347,176,2677
2024,COOKKANZ,2859,380,911,2823,1584.92,6379.29,3508607.0,2105164.0,2162,562,0,135,773,2081,574,24,2859
2024,COOKURU,1,0,1,1,0.42,1.72,947.0,568.0,0,1,0,0,1,0,1,0,1
2024,COOPADE,3789,945,1844,3759,2095.57,8434.68,4639074.0,2783445.0,174,0,0,3615,3670,109,959,4,3789
2025,CKK,3190,1035,754,3190,1771.62,7175.04,3946272.0,2367763.0,3189,1,0,0,528,2646,2827,410,3190
2025,COOKKANZ,3316,399,1863,3016,1838.09,7444.26,4094342.0,2456605.0,3315,1,0,0,446,2849,3316,82,3316
2025,COOKURU,1596,605,799,1596,868.71,3518.29,1935060.0,1161036.0,0,1596,0,0,1580,15,1596,0,1596
2025,COOPADE,4082,1083,2031,4058,2291.97,8294.9,4562197.0,2737318.0,4082,0,0,0,304,3778,3209,728,4082
