Section,Sexe,Taille_Menage,Superficie_Cacao_ha,Rendement_kg_ha,Prix_kg_USD,Revenu_Net_Total_USD,Seuil_LI_Ajuste_USD,Atteint_LI_Menage_Ref,Atteint_LI_Ajuste_Taille,Revenu_par_personne_jour,Depenses_Menage_USD,Solde_Revenu_Depenses_USD,Rev_Cacao,Rev_Cafe,Rev_Agroforesterie,Rev_Autres_Cultures,Rev_Elevage,Rev_Hors_Ferme,Rev_Transferts,Flag_Outlier
Babungwe,Homme,13.0,4.0,300.0,3.559,4565.0,5694.0,1,0,0.962,3200.0,1365.0,3640.0,0.0,825.0,100.0,0.0,0.0,0.0,0
Babungwe,Homme,10.0,2.0,400.0,4.0,1692.0,4380.0,0,0,0.464,1255.0,437.0,2198.0,0.0,-456.0,-50.0,0.0,0.0,0.0,0
Babungwe,Homme,6.0,3.0,520.0,3.64,1360.0,2628.0,0,0,0.621,1040.0,320.0,1410.0,0.0,0.0,-50.0,0.0,0.0,0.0,0
Babungwe,Homme,10.0,6.0,425.0,3.719,6543.0,4380.0,1,1,1.793,3625.0,2918.0,5304.0,95.0,1144.0,0.0,0.0,0.0,0.0,0
Babungwe,Homme,9.0,2.0,550.0,2.75,2545.0,3942.0,0,0,0.775,2295.0,250.0,2670.0,0.0,-125.0,0.0,0.0,0.0,0.0,0
Babungwe,Homme,5.0,2.0,290.0,3.625,1652.0,2190.0,0,0,0.905,1110.0,542.0,907.0,0.0,675.0,70.0,0.0,0.0,0.0,0
Babungwe,Homme,9.0,4.0,450.0,3.539,1905.0,3942.0,0,0,0.58,1125.0,780.0,1955.0,0.0,0.0,-50.0,0.0,0.0,0.0,0
Babungwe,Homme,14.0,7.0,750.0,3.75,4975.0,6132.0,1,0,0.974,4972.0,3.0,4640.0,0.0,335.0,0.0,0.0,0.0,0.0,0
Babungwe,Femme,9.0,2.0,75.0,3.75,461.5,3942.0,0,0,0.14,875.0,-413.5,176.5,0.0,285.0,0.0,0.0,0.0,0.0,0
Babungwe,Homme,10.0,4.0,300.0,3.592,3140.0,4380.0,1,0,0.86,2385.0,755.0,3190.0,0.0,0.0,-50.0,0.0,0.0,0.0,0
Babungwe,Femme,6.0,1.0,140.0,3.5,403.0,2628.0,0,0,0.184,1017.0,-614.0,228.0,0.0,185.0,-10.0,0.0,0.0,0.0,0
Babungwe,Homme,8.0,2.5,300.0,3.621,2975.0,3504.0,1,0,1.019,2615.0,360.0,835.0,0.0,2150.0,-10.0,0.0,0.0,0.0,0
Babungwe,Homme,7.0,25.0,600.0,3.75,11705.0,3066.0,1,1,4.581,6800.0,4905.0,9820.0,0.0,680.0,205.0,0.0,1000.0,0.0,0
Babungwe,Homme,3.0,1.5,650.0,3.708,2350.0,1314.0,0,1,2.146,1470.0,880.0,2005.0,0.0,345.0,0.0,0.0,0.0,0.0,0
Babungwe,Homme,9.0,3.0,1300.0,3.527,3072.0,3942.0,1,0,0.935,2530.0,542.0,2727.0,0.0,345.0,0.0,0.0,0.0,0.0,0
Babungwe,Homme,8.0,5.0,566.667,3.062,6151.0,3504.0,1,1,2.107,2440.0,3711.0,3996.0,0.0,-320.0,200.0,2275.0,0.0,0.0,0
Babungwe,Femme,5.0,3.0,28.125,3.938,1503.0,2190.0,0,0,0.824,1100.0,403.0,1265.0,0.0,0.0,0.0,238.0,0.0,0.0,0
Babungwe,Homme,10.0,3.0,1450.0,3.625,835.0,4380.0,0,0,0.229,1278.0,1557.0,-2315.0,0.0,425.0,425.0,0.0,0.0,2300.0,1
Babungwe,Homme,7.0,2.0,875.0,3.897,6127.0,3066.0,1,1,2.398,4562.0,1565.0,6177.0,0.0,-50.0,0.0,0.0,0.0,0.0,0
Babungwe,Homme,17.0,6.0,1050.0,3.568,3461.0,7446.0,1,0,0.558,3635.0,-74.0,3460.0,0.0,0.0,0.0,0.0,0.0,1.0,0
Babungwe,Homme,11.0,5.0,350.0,3.5,2535.0,4818.0,0,0,0.631,2275.0,260.0,2300.0,0.0,295.0,-60.0,0.0,0.0,0.0,0
Babungwe,Homme,8.0,4.0,950.0,3.694,4534.0,3504.0,1,1,1.553,1885.0,2649.0,5244.0,0.0,-1010.0,0.0,0.0,300.0,0.0,0
Mungamba,Homme,19.0,44.0,107.143,4.004,13145.0,8322.0,1,1,1.895,3906.0,9239.0,14180.0,305.0,-1140.0,-200.0,0.0,0.0,0.0,0
Mungamba,Homme,16.0,3.0,900.0,4.0,210.0,7008.0,0,0,0.036,1550.0,-1340.0,1190.0,0.0,-630.0,-350.0,0.0,0.0,0.0,0
Mungamba,Femme,7.0,5.0,360.0,4.0,6315.0,3066.0,1,1,2.472,992.0,5323.0,6050.0,0.0,285.0,-20.0,0.0,0.0,0.0,0
Mungamba,Homme,12.0,6.0,441.667,3.497,4249.0,5256.0,1,0,0.97,1325.0,2924.0,5930.0,0.0,-1540.0,-200.0,59.0,0.0,0.0,0
Mungamba,Homme,9.0,2.0,600.0,4.0,3060.0,3942.0,1,0,0.932,1110.0,1950.0,3250.0,0.0,0.0,-190.0,0.0,0.0,0.0,0
Mungamba,Homme,13.0,4.0,600.0,4.0,1381.0,5694.0,0,0,0.291,1160.0,221.0,2610.0,0.0,-580.0,-649.0,0.0,0.0,0.0,0
Mungamba,Homme,15.0,7.0,600.0,4.0,10180.0,6570.0,1,1,1.859,1845.0,8335.0,11640.0,0.0,-1360.0,-100.0,0.0,0.0,0.0,0
Mungamba,Homme,10.0,2.5,750.0,4.0,110.0,4380.0,0,0,0.03,1210.0,-1100.0,770.0,0.0,-560.0,-100.0,0.0,0.0,0.0,0
Mungamba,Homme,14.0,9.0,500.0,4.0,15260.0,6132.0,1,1,2.986,1080.0,14180.0,15460.0,0.0,-100.0,-100.0,0.0,0.0,0.0,1
Mungamba,Homme,12.0,6.0,562.5,4.0,5600.0,5256.0,1,1,1.279,5585.0,15.0,6880.0,0.0,-1030.0,-250.0,0.0,0.0,0.0,0
Mungamba,Homme,12.0,8.0,375.0,4.013,8370.0,5256.0,1,1,1.911,1510.0,6860.0,9600.0,0.0,-1080.0,-150.0,0.0,0.0,0.0,0
Mungamba,Homme,15.0,44.0,340.909,4.013,59705.0,6570.0,1,1,10.905,2480.0,57225.0,57395.0,0.0,10.0,-200.0,0.0,2500.0,0.0,1
Mungamba,Homme,15.0,2.5,300.0,4.027,5210.0,6570.0,1,0,0.952,3220.0,1990.0,795.0,0.0,-735.0,-100.0,0.0,5250.0,0.0,0
Mungamba,Homme,11.0,2.0,450.0,4.022,1790.0,4818.0,0,0,0.446,1080.0,710.0,1440.0,0.0,-1120.0,-30.0,0.0,1500.0,0.0,0
Mungamba,Homme,10.0,3.0,350.0,9.438,1515.0,4380.0,0,0,0.415,1350.0,165.0,2675.0,0.0,-1010.0,-150.0,0.0,0.0,0.0,1
Mungamba,Homme,12.0,1.0,900.0,4.022,1875.0,5256.0,0,0,0.428,1340.0,535.0,1770.0,0.0,-695.0,800.0,0.0,0.0,0.0,0
Mungamba,Homme,10.0,1.0,750.0,4.027,5170.0,4380.0,1,1,1.416,1230.0,4440.0,965.0,0.0,-695.0,-100.0,0.0,2500.0,2500.0,0
Mungamba,Homme,12.0,4.0,400.0,3.441,2020.0,5256.0,0,0,0.461,1595.0,425.0,2740.0,0.0,-750.0,-50.0,80.0,0.0,0.0,0
Mungamba,Homme,10.0,5.0,210.0,1.871,2540.0,4380.0,0,0,0.696,1350.0,1190.0,2390.0,0.0,-295.0,-65.0,510.0,0.0,0.0,0
Mungamba,Homme,12.0,5.0,300.0,4.013,3790.0,5256.0,1,0,0.865,1715.0,2075.0,4240.0,0.0,-810.0,-50.0,410.0,0.0,0.0,0
Mungamba,Homme,9.0,3.0,400.0,4.017,2190.0,3942.0,0,0,0.667,1570.0,620.0,2740.0,0.0,-550.0,0.0,0.0,0.0,0.0,0
Mungamba,Homme,9.0,1.5,200.0,4.068,116.0,3942.0,0,0,0.035,1120.0,-1004.0,95.0,0.0,-615.0,-50.0,686.0,0.0,0.0,0
Mungamba,Homme,10.0,2.0,450.0,4.022,2000.0,4380.0,0,0,0.548,1550.0,450.0,1825.0,0.0,-335.0,-100.0,610.0,0.0,0.0,0
Mambasa,Homme,16.0,3.0,600.0,3.9,6146.0,7008.0,1,0,1.052,1240.0,4926.0,4280.0,0.0,1385.0,480.0,0.0,0.0,1.0,0
Mambasa,Homme,11.0,3.0,550.0,5.073,3036.0,4818.0,1,0,0.756,2090.0,976.0,2640.0,0.0,445.0,-50.0,0.0,0.0,1.0,0
Mambasa,Homme,12.0,2.0,311.0,3.528,2479.4,5256.0,0,0,0.566,1680.0,799.4,2004.4,0.0,460.0,15.0,0.0,0.0,0.0,0
Mambasa,Femme,10.0,2.0,350.0,2.6,965.0,4380.0,0,0,0.264,1750.0,-785.0,530.0,0.0,455.0,-20.0,0.0,0.0,0.0,0
Mambasa,Homme,4.0,3.0,650.0,3.76,2299.0,1752.0,0,1,1.575,572.0,1727.0,2259.0,0.0,145.0,-10.0,-95.0,0.0,0.0,0
Mambasa,Homme,9.0,3.0,566.667,3.059,2730.0,3942.0,1,0,0.831,1460.0,1270.0,2260.0,0.0,490.0,4.0,-24.0,0.0,0.0,0
Mambasa,Homme,12.0,3.0,1400.0,2.886,5281.0,5256.0,1,1,1.206,3570.0,1711.0,3401.0,0.0,1380.0,0.0,0.0,500.0,0.0,0
Mambasa,Homme,12.0,3.125,750.0,3.467,2464.0,5256.0,0,0,0.563,1700.0,784.0,2240.0,0.0,275.0,-30.0,-22.0,0.0,1.0,0
Mambasa,Homme,19.0,3.0,233.333,1.25,2585.0,8322.0,0,0,0.373,3630.0,-1045.0,1165.0,0.0,270.0,-50.0,0.0,1200.0,0.0,0
Mambasa,Homme,11.0,6.0,733.333,4.373,9010.0,4818.0,1,1,2.244,3210.0,5800.0,7670.0,0.0,1380.0,-40.0,0.0,0.0,0.0,0
Mambasa,Homme,4.0,3.0,300.0,1.889,4060.0,1752.0,1,1,2.781,2470.0,1590.0,4060.0,0.0,0.0,0.0,0.0,0.0,0.0,0
Mambasa,Femme,10.0,4.0,190.0,4.516,1301.0,4380.0,0,0,0.356,1310.0,-9.0,1241.0,0.0,0.0,60.0,0.0,0.0,0.0,0
Mambasa,Homme,5.0,5.0,400.0,4.333,5660.0,2190.0,1,1,3.101,2740.0,2920.0,4840.0,0.0,820.0,-50.0,0.0,50.0,0.0,0
Mambasa,Homme,33.0,5.0,420.0,4.065,9326.0,14454.0,1,0,0.774,1365.0,7961.0,7506.0,0.0,1520.0,0.0,0.0,300.0,0.0,0
Mambasa,Homme,10.0,3.0,360.0,4.406,5033.0,4380.0,1,1,1.379,1430.0,3653.0,2782.0,0.0,2220.0,30.0,0.0,0.0,1.0,0
Mambasa,Homme,23.0,3.0,680.0,4.129,7545.0,10074.0,1,0,0.899,4520.0,3025.0,6170.0,0.0,1275.0,0.0,0.0,100.0,0.0,0
Mambasa,Homme,17.0,3.0,260.0,4.0,3140.0,7446.0,1,0,0.506,1246.0,1894.0,2330.0,0.0,860.0,-50.0,0.0,0.0,0.0,0
Mambasa,Homme,9.0,1.5,450.0,4.622,2686.5,3942.0,1,0,0.818,1416.0,1470.5,1960.5,0.0,-105.0,-20.0,0.0,850.0,1.0,0
Mambasa,Homme,8.0,3.0,450.0,4.449,2132.0,3504.0,0,0,0.73,2280.0,-148.0,1717.0,0.0,435.0,-20.0,0.0,0.0,0.0,0
Mambasa,Homme,13.0,3.0,168.0,4.16,2522.0,5694.0,0,0,0.532,1530.0,992.0,1387.0,0.0,1135.0,0.0,0.0,0.0,0.0,0
Mambasa,Homme,17.0,4.5,600.0,3.714,6811.0,7446.0,1,0,1.098,1850.0,5011.0,6320.0,0.0,140.0,-50.0,0.0,400.0,1.0,0
Mambasa,Homme,13.0,3.0,350.0,4.457,1325.0,5694.0,0,0,0.279,2100.0,-775.0,1275.0,0.0,0.0,50.0,0.0,0.0,0.0,0
Mayuano,Homme,4.0,4.0,900.0,2.057,1466.0,1752.0,0,0,1.004,2425.0,-959.0,1500.0,0.0,0.0,-34.0,0.0,0.0,0.0,0
Mayuano,Homme,4.0,6.0,600.0,1.263,2130.0,1752.0,0,1,1.459,1230.0,900.0,2130.0,0.0,0.0,0.0,0.0,0.0,0.0,0
Mayuano,Homme,8.0,7.0,760.0,1.478,5320.0,3504.0,1,1,1.822,2239.0,3181.0,5220.0,0.0,0.0,0.0,0.0,0.0,100.0,0
Mayuano,Homme,10.0,1.0,800.0,1.333,17996.0,4380.0,1,1,4.93,3640.0,14406.0,-465.0,0.0,19311.0,-900.0,0.0,0.0,50.0,1
Mayuano,Homme,11.0,3.0,600.0,2.0,2300.0,4818.0,0,0,0.573,2441.0,-141.0,770.0,1010.0,120.0,400.0,0.0,0.0,0.0,0
Mayuano,Homme,8.0,6.0,600.0,3.371,4445.0,3504.0,1,1,1.522,3826.8,618.2,4445.0,0.0,0.0,0.0,0.0,0.0,0.0,0
Mayuano,Homme,11.0,4.0,875.0,2.857,10866.0,4818.0,1,1,2.706,5039.0,6327.0,9711.0,0.0,135.0,0.0,0.0,1000.0,20.0,0
Mayuano,Homme,6.0,4.0,1466.667,2.682,9310.0,2628.0,1,1,4.251,2900.0,6410.0,9510.0,0.0,0.0,-200.0,0.0,0.0,0.0,1
Mayuano,Homme,14.0,6.0,766.667,2.0,-830.0,6132.0,0,0,-0.162,4849.0,-5679.0,2380.0,0.0,-3210.0,0.0,0.0,0.0,0.0,0
Mayuano,Homme,9.0,9.0,1200.0,2.0,9764.67,3942.0,1,1,2.973,6493.66,3271.01,8508.67,280.0,698.0,-22.0,0.0,300.0,0.0,0
Mayuano,Homme,7.0,4.0,1050.0,2.0,4523.5,3066.0,1,1,1.77,5902.0,-878.5,4123.0,0.0,0.0,-99.5,0.0,0.0,500.0,0
Mayuano,Homme,3.0,4.0,996.333,2.001,4799.0,1314.0,1,1,4.383,2595.0,2204.0,4719.0,0.0,680.0,-600.0,0.0,0.0,0.0,0
Mayuano,Homme,3.0,4.0,900.0,2.0,12395.0,1314.0,1,1,11.32,2119.0,10276.0,3550.0,0.0,8990.0,-145.0,0.0,0.0,0.0,0
Mayuano,Homme,13.0,10.0,1033.333,2.074,7330.0,5694.0,1,1,1.545,3428.0,3902.0,5330.0,0.0,0.0,0.0,0.0,2000.0,0.0,0
Mayuano,Homme,10.0,3.0,866.667,2.934,3665.0,4380.0,1,0,1.004,1360.0,2360.0,4835.0,0.0,-1225.0,0.0,0.0,0.0,55.0,0
Mayuano,Homme,4.0,2.0,800.0,3.0,4502.0,1752.0,1,1,3.084,2433.0,2069.0,4510.0,0.0,0.0,-8.0,0.0,0.0,0.0,0
Mayuano,Homme,4.0,2.0,900.0,2.022,1610.0,1752.0,0,0,1.103,3980.0,-2370.0,1610.0,0.0,0.0,0.0,0.0,0.0,0.0,0
Mayuano,Homme,5.0,5.0,660.0,3.697,5945.0,2190.0,1,1,3.258,2445.0,3600.0,5845.0,0.0,0.0,0.0,0.0,0.0,100.0,0
Mayuano,Homme,9.0,2.0,875.0,3.052,3918.0,3942.0,1,0,1.193,1841.0,2077.0,4435.0,0.0,-517.0,0.0,0.0,0.0,0.0,0
Mayuano,Homme,10.0,6.0,950.0,3.27,11809.0,4380.0,1,1,3.235,2565.0,9244.0,11340.0,0.0,599.0,-130.0,0.0,0.0,0.0,0
Mayuano,Homme,10.0,9.0,800.0,2.5,8515.0,4380.0,1,1,2.333,2420.0,6175.0,7751.0,0.0,0.0,-36.0,0.0,600.0,200.0,0
