annee,op,personnes
Toutes,Toutes,12833
2019,Toutes,3864
2020,Toutes,4170
2021,Toutes,4065
2022,Toutes,4295
2023,Toutes,4529
2024,Toutes,9326
2025,Toutes,12184
Toutes,CKK,3446
Toutes,COOKKANZ,3880
Toutes,COOKURU,1602
Toutes,COOPADE,4157
2019,CKK,2248
2019,COOKKANZ,1616
2020,CKK,2363
2020,COOKKANZ,1807
2021,CKK,2258
2021,COOKKANZ,1807
2022,CKK,2263
2022,COOKKANZ,2031
2022,COOKURU,1
2023,CKK,2333
2023,COOKKANZ,2192
2023,COOKURU,4
2024,CKK,2677
2024,COOKKANZ,2859
2024,COOKURU,1
2024,COOPADE,3789
2025,CKK,3190
2025,COOKKANZ,3316
2025,COOKURU,1596
2025,COOPADE,4082
