Code_Planteur,Section,Axe,Corporation,Village,Superficie_Totale_ha,Superficie_Cacao_ha,Nb_Tiges,Annee_Plantation,Flag_Code_Doublon,Flag_Sup_Incoherente
P-061,Bahaha,Komanda,BAHAHA,V-057,4.0,2.0,2200.0,,0,0
P-064,Bahaha,Komanda,BAHAHA,V-057,4.0,2.0,2200.0,,0,0
P-062,Bahaha,Komanda,BAHAHA,V-057,3.0,1.0,1111.0,,0,0
P-070,Bahaha,Komanda,BAHAHA,V-057,3.0,1.0,1100.0,,0,0
P-063,Bahaha,Komanda,BAHAHA,V-057,3.0,1.0,1111.0,,0,0
P-065,Bahaha,Komanda,BAHAHA,V-057,3.0,1.0,1100.0,,0,0
P-066,Bahaha,Komanda,BAHAHA,V-056,6.0,4.0,4000.0,,0,0
P-067,Bahaha,Komanda,BAHAHA,V-057,6.0,4.0,4000.0,,0,0
P-071,Bahaha,Komanda,BAHAHA,V-057,5.0,3.0,3300.0,,0,0
P-068,Bahaha,Komanda,BAHAHA,V-057,5.0,3.0,3300.0,,0,0
P-069,Bahaha,Komanda,BAHAHA,V-057,5.0,3.0,3000.0,,0,0
P-060,Bahaha,Komanda,BAHAHA,V-030,1.5,1.0,1111.0,,0,0
P-023,Bahaha,Komanda,BAHAHA,V-030,3.0,1.0,1100.0,,0,0
P-024,Bahaha,Komanda,BAHAHA,V-030,3.0,1.0,1111.0,,0,0
P-144,Bahaha,Komanda,BAHAHA,V-030,5.0,2.5,2550.0,,0,0
P-129,Bahaha,Komanda,BAHAHA,V-030,6.0,1.0,1111.0,,0,0
P-130,Bahaha,Komanda,BAHAHA,V-030,5.0,4.0,4400.0,,0,0
P-131,Bahaha,Komanda,BAHAHA,V-030,4.0,1.0,11111.0,,0,0
P-132,Bahaha,Komanda,BAHAHA,V-030,12.0,2.0,2222.0,,0,0
P-137,Bahaha,Komanda,BAHAHA,V-030,13.0,3.0,3300.0,,0,0
P-138,Bahaha,Komanda,BAHAHA,V-030,6.0,1.0,1100.0,,0,0
P-142,Bahaha,Komanda,BAHAHA,V-030,7.0,3.0,3300.0,,0,0
P-139,Bahaha,Komanda,BAHAHA,V-030,5.0,3.0,3333.0,,0,0
P-136,Bahaha,Komanda,BAHAHA,V-030,20.0,3.0,3333.0,,0,0
P-140,Bahaha,Komanda,BAHAHA,V-030,5.0,3.0,3330.0,,1,0
P-143,Bahaha,Komanda,BAHAHA,V-030,2.0,2.0,2200.0,,0,0
P-141,Bahaha,Komanda,BAHAHA,V-030,1.0,5.0,5500.0,,0,1
P-133,Bahaha,Komanda,BAHAHA,V-030,6.0,2.0,2200.0,,1,0
P-140,Bahaha,Komanda,BAHAHA,V-030,5.0,2.0,2200.0,,1,0
P-134,Bahaha,Komanda,BAHAHA,V-030,5.0,2.0,2222.0,,0,0
P-135,Bahaha,Komanda,BAHAHA,V-030,8.0,2.0,2200.0,,0,0
P-133,Bahaha,Komanda,BAHAHA,V-558,8.0,1.0,1111.0,,1,0
P-222,Kilimamwenza,Mambasa,KILIMAMWENZA,V-263,4.0,2.0,2220.0,,0,0
P-223,Kilimamwenza,Mambasa,KILIMAMWENZA,V-263,6.0,2.0,2222.0,,0,0
P-224,Kilimamwenza,Mambasa,KILIMAMWENZA,V-263,2.0,2.0,2200.0,,0,0
P-225,Kilimamwenza,Mambasa,KILIMAMWENZA,V-263,3.0,1.0,1100.0,,0,0
P-226,Kilimamwenza,Mambasa,KILIMAMWENZA,V-263,4.0,4.0,4400.0,,0,0
P-197,Kilimamwenza,Mambasa,KILIMAMWENZA,V-433,7.0,3.0,3333.0,,0,0
P-228,Kilimamwenza,Mambasa,KILIMAMWENZA,V-599,1.0,1.0,1110.0,,0,0
P-227,Kilimamwenza,Mambasa,KILIMAMWENZA,V-443,1.0,1.0,1111.0,,0,0
P-229,Kilimamwenza,Mambasa,KILIMAMWENZA,V-599,3.0,1.0,1100.0,,0,0
P-221,Kilimamwenza,Mambasa,BANANA,V-265,9.0,3.0,3333.0,,0,0
P-145,Kilimamwenza,Mambasa,BETANANA,V-036,2.0,2.0,2222.0,,0,0
P-146,Mambasa,Komanda,MAMBASA,V-060,5.0,1.0,1100.0,2012.0,0,0
P-147,Mambasa,Komanda,MAMBASA,V-060,3.0,3.0,3333.0,2011.0,0,0
P-148,Mambasa,Komanda,MAMBASA,V-060,3.0,1.0,1100.0,2011.0,0,0
P-149,Mambasa,Komanda,MAMBASA,V-060,6.0,2.0,2222.0,2013.0,0,0
P-158,Mambasa,Komanda,MAMBASA,V-548,2.0,1.0,1000.0,2008.0,0,0
P-159,Mambasa,Komanda,MAMBASA,V-548,13.0,3.0,3300.0,2011.0,0,0
P-160,Mambasa,Komanda,MAMBASA,V-548,4.0,1.0,1100.0,2017.0,0,0
P-161,Mambasa,Komanda,MAMBASA,V-548,1.0,1.0,1111.0,2014.0,0,0
P-162,Mambasa,Komanda,MAMBASA,V-548,3.0,1.0,1110.0,2014.0,0,0
P-163,Mambasa,Komanda,MAMBASA,V-548,1.0,2.0,2200.0,2011.0,0,1
P-164,Mambasa,Komanda,MAMBASA,V-545,17.0,1.0,1100.0,2014.0,1,0
P-165,Mambasa,Komanda,MAMBASA,V-545,1.0,1.0,1100.0,2016.0,0,0
P-166,Mambasa,Komanda,MAMBASA,V-545,2.0,1.0,1100.0,2017.0,0,0
P-167,Mambasa,Komanda,MAMBASA,V-545,3.0,2.0,2200.0,2012.0,1,0
P-168,Mambasa,Komanda,MAMBASA,V-545,2.0,1.0,1111.0,2016.0,1,0
P-169,Mambasa,Komanda,MAMBASA,V-545,2.0,1.0,1111.0,2015.0,0,0
P-170,Mambasa,Komanda,MAMBASA,V-545,2.0,1.0,1110.0,2013.0,0,0
P-171,Mambasa,Komanda,MAMBASA,V-545,1.0,1.0,1111.0,2010.0,1,0
P-172,Mambasa,Komanda,MAMBASA,V-545,2.0,1.0,1100.0,2014.0,0,0
P-173,Mambasa,Komanda,MAMBASA,V-545,3.0,1.0,1111.0,2014.0,0,0
P-174,Mambasa,Komanda,MAMBASA,V-545,2.0,1.0,1111.0,2015.0,0,0
P-175,Mambasa,Komanda,MAMBASA,V-545,2.0,2.0,2222.0,2016.0,0,0
P-176,Mambasa,Komanda,MAMBASA,V-545,6.0,2.0,2222.0,2014.0,0,0
P-177,Mambasa,Komanda,MAMBASA,V-545,2.0,2.0,2022.0,2016.0,0,0
P-178,Mambasa,Komanda,MAMBASA,V-545,1.0,1.0,1099.0,2014.0,0,0
P-179,Mambasa,Komanda,MAMBASA,V-545,2.0,1.0,1111.0,2013.0,0,0
P-180,Mambasa,Komanda,MAMBASA,V-545,1.0,1.0,1100.0,2013.0,0,0
P-181,Mambasa,Komanda,MAMBASA,V-545,1.0,1.0,1111.0,2016.0,0,0
P-164,Mambasa,Komanda,MAMBASA,V-548,2.0,1.0,1111.0,2015.0,1,0
P-262,Mambasa,Makumo,CITE BINASE,V-064,2.0,1.0,1111.0,2017.0,0,0
P-234,Mambasa,Nduye,PLATECO,V-028,3.0,1.0,1100.0,2015.0,0,0
P-231,Mambasa,Nduye,PLATECO,V-028,6.0,4.0,4400.0,2015.0,0,0
P-232,Mambasa,Nduye,PLATECO,V-029,4.0,2.0,2000.0,2015.0,0,0
P-280,Mambasa,Nduye,PLATECO,V-741,3.0,1.0,1000.0,2015.0,0,0
P-281,Mambasa,Nduye,PLATECO,V-741,4.0,2.0,2000.0,2015.0,0,0
P-282,Mambasa,Nduye,PLATECO,V-741,3.0,1.0,1100.0,2015.0,0,0
P-283,Mambasa,Nduye,PLATECO,V-741,3.0,1.0,1000.0,2015.0,0,0
P-284,Mambasa,Nduye,PLATECO,V-738,3.0,1.0,1000.0,2015.0,0,0
P-285,Mambasa,Nduye,PLATECO,V-741,3.0,1.0,1000.0,2015.0,0,0
P-279,Mambasa,Nduye,PLATECO,V-406,3.0,1.0,1111.0,2015.0,0,0
P-286,Mambasa,Nduye,PLATECO,V-741,6.0,4.0,4400.0,2015.0,0,0
P-287,Mambasa,Nduye,PLATECO,V-741,2.5,0.5,500.0,2015.0,0,0
P-155,Mambasa,Komanda,ZUNGULUKA I,V-739,4.0,2.0,2000.0,2019.0,0,0
P-156,Mambasa,Komanda,ZUNGULUKA I,V-739,3.0,1.0,1100.0,2019.0,0,0
P-274,Mambasa,Komanda,ZUNGULUKA I,V-739,3.0,1.0,1100.0,2019.0,0,0
P-276,Mambasa,Komanda,ZUNGULUKA I,V-737,3.0,1.0,1111.0,2017.0,0,0
P-233,Mambasa,Nduye,ZUNGULUKA II,V-029,4.0,2.0,2222.0,2017.0,0,0
P-230,Mambasa,Nduye,ZUNGULUKA II,V-739,3.0,1.0,1111.0,2017.0,0,0
P-153,Mambasa,Komanda,MAMBAU,V-542,3.0,1.0,1111.0,2014.0,0,0
P-151,Mambasa,Komanda,MAMBAU,V-542,1.0,1.0,1100.0,2014.0,0,0
P-150,Mambasa,Komanda,MAMBAU,V-740,2.0,1.0,1100.0,2006.0,0,0
P-277,Mambasa,Komanda,MAMBAU,V-546,2.0,1.0,1000.0,2010.0,0,0
P-275,Mambasa,Komanda,MAMBAU,V-544,3.0,1.0,1111.0,2012.0,0,0
P-167,Mambasa,Komanda,MANYA,V-548,4.0,2.0,2222.0,2013.0,1,0
P-168,Mambasa,Komanda,MANYA,V-407,1.0,2.0,2222.0,2012.0,1,1
P-171,Mambasa,Komanda,MANYA,V-548,3.0,2.0,2123.1,2013.0,1,0
P-154,Mambasa,Komanda,MANYA,V-607,3.0,3.0,3230.0,2018.0,0,0
P-152,Mambasa,Komanda,MANYA,V-554,17.0,1.0,1111.0,2013.0,0,0
P-278,Mambasa,Komanda,MANYA,V-025,2.0,1.0,1111.0,2012.0,0,0
P-183,Mambasa,Mambasa,MANYA,V-024,16.0,5.0,5543.0,2011.0,0,0
P-184,Mambasa,Mambasa,MANYA,V-024,25.0,6.0,6000.0,2010.0,0,0
P-185,Mambasa,Mambasa,MANYA,V-024,4.0,2.0,2234.0,2013.0,0,0
P-186,Mambasa,Mambasa,MANYA,V-024,10.0,4.0,4444.0,2010.0,0,0
P-187,Mambasa,Mambasa,MANYA,V-024,25.0,6.0,6666.0,2010.0,0,0
P-188,Mambasa,Mambasa,MANYA,V-024,2.0,1.0,1110.0,2010.0,0,0
P-189,Mambasa,Mambasa,MANYA,V-449,4.0,1.0,1100.0,2013.0,0,0
P-190,Mambasa,Mambasa,MANYA,V-449,3.5,1.5,1500.0,2013.0,0,0
P-191,Mambasa,Mambasa,MANYA,V-600,2.5,1.0,1111.0,2013.0,0,0
P-192,Mambasa,Mambasa,MANYA,V-600,25.0,1.8,1890.0,2010.0,0,0
P-193,Mambasa,Mambasa,MANYA,V-600,4.0,1.0,1100.0,2013.0,0,0
P-194,Mambasa,Mambasa,MANYA,V-600,10.0,3.0,3290.0,2010.0,0,0
P-195,Mambasa,Mambasa,MANYA,V-600,4.5,1.5,1500.0,2013.0,0,0
P-196,Mambasa,Mambasa,MANYA,V-600,1.0,0.7,700.0,2013.0,0,0
P-106,Mungamba,Komanda,MUNGAMBA,V-743,3.0,1.0,1111.0,,1,0
P-110,Mungamba,Komanda,MUNGAMBA,V-745,4.0,2.0,2000.0,,1,0
P-108,Mungamba,Komanda,MUNGAMBA,V-745,6.0,4.0,4200.0,,1,0
P-109,Mungamba,Komanda,MUNGAMBA,V-745,6.0,4.0,4000.0,,1,0
P-107,Mungamba,Komanda,MUNGAMBA,V-745,3.0,1.0,1000.0,,0,0
P-098,Mungamba,Komanda,MUNGAMBA,V-754,11.0,9.0,9900.0,,0,0
P-127,Mungamba,Komanda,MUNGAMBA,V-759,6.0,4.0,4000.0,,0,0
P-096,Mungamba,Komanda,MUNGAMBA,V-758,3.0,1.0,1000.0,,0,0
P-125,Mungamba,Komanda,MUNGAMBA,V-756,3.0,1.0,1010.0,,0,0
P-111,Mungamba,Komanda,MUNGAMBA,V-745,3.0,1.0,1000.0,,0,0
P-114,Mungamba,Komanda,MUNGAMBA,V-745,4.0,2.0,2200.0,,0,0
P-112,Mungamba,Komanda,MUNGAMBA,V-745,3.0,1.0,1000.0,,0,0
P-113,Mungamba,Komanda,MUNGAMBA,V-745,5.0,3.0,3030.0,,0,0
P-099,Mungamba,Komanda,MUNGAMBA,V-754,4.0,2.0,2000.0,,0,0
P-128,Mungamba,Komanda,MUNGAMBA,V-760,4.0,2.0,2000.0,,0,0
P-097,Mungamba,Komanda,MUNGAMBA,V-758,5.0,3.0,3300.0,,0,0
P-126,Mungamba,Komanda,MUNGAMBA,V-003,3.0,1.0,1000.0,,0,0
P-101,Mungamba,Komanda,MUNGAMBA,V-748,3.0,1.0,1100.0,,0,0
P-104,Mungamba,Komanda,MUNGAMBA,V-744,4.0,2.0,2222.0,,0,0
P-102,Mungamba,Komanda,MUNGAMBA,V-743,4.0,2.0,2200.0,,0,0
P-105,Mungamba,Komanda,MUNGAMBA,V-743,4.0,2.0,2200.0,,0,0
P-122,Mungamba,Komanda,MUNGAMBA,V-755,3.0,1.0,1100.0,,0,0
P-120,Mungamba,Komanda,MUNGAMBA,V-755,3.0,1.0,1111.0,,0,0
P-121,Mungamba,Komanda,MUNGAMBA,V-755,3.0,1.0,1100.0,,0,0
P-123,Mungamba,Komanda,MUNGAMBA,V-755,3.0,1.0,1111.0,,0,0
P-124,Mungamba,Komanda,MUNGAMBA,V-755,4.0,2.0,2200.0,,0,0
P-119,Mungamba,Komanda,MUNGAMBA,V-755,3.0,1.0,1111.0,,0,0
P-106,Mungamba,Komanda,MUNGAMBA,V-743,3.0,1.0,1100.0,,1,0
P-110,Mungamba,Komanda,MUNGAMBA,V-745,3.0,1.0,1100.0,,1,0
P-108,Mungamba,Komanda,MUNGAMBA,V-745,4.0,2.0,2222.0,,1,0
P-109,Mungamba,Komanda,MUNGAMBA,V-745,4.0,2.0,2200.0,,1,0
P-075,Mungamba,Komanda,LOLWA,V-062,2.0,1.0,1111.0,,1,0
P-078,Mungamba,Komanda,MUNGAMBA,V-605,16.0,2.0,2222.0,,0,0
P-091,Mungamba,Komanda,MUNGAMBA,V-062,3.0,2.0,2200.0,,0,0
P-081,Mungamba,Komanda,MUNGAMBA,V-062,4.0,1.0,1111.0,,0,0
P-073,Mungamba,Komanda,MUNGAMBA,V-062,4.0,2.0,2200.0,,0,0
P-076,Mungamba,Komanda,MUNGAMBA,V-062,5.0,2.0,900.0,,0,0
P-080,Mungamba,Komanda,MUNGAMBA,V-062,2.0,1.0,1111.0,,0,0
P-079,Mungamba,Komanda,MUNGAMBA,V-062,2.0,1.0,1111.0,,0,0
P-074,Mungamba,Komanda,MUNGAMBA,V-062,1.0,0.5,520.0,,0,0
P-077,Mungamba,Komanda,MUNGAMBA,V-062,1.0,0.5,520.0,,0,0
P-084,Mungamba,Komanda,MUNGAMBA,V-549,1.0,1.0,1111.0,,0,0
P-085,Mungamba,Komanda,MUNGAMBA,V-549,3.0,2.0,2222.0,,0,0
P-086,Mungamba,Komanda,MUNGAMBA,V-549,2.0,1.0,1100.0,,0,0
P-087,Mungamba,Komanda,MUNGAMBA,V-549,4.0,1.0,1111.0,,0,0
P-090,Mungamba,Komanda,MUNGAMBA,V-549,2.0,2.0,2200.0,,0,0
P-088,Mungamba,Komanda,MUNGAMBA,V-549,2.0,1.0,1111.0,,0,0
P-089,Mungamba,Komanda,MUNGAMBA,V-549,2.0,1.0,1100.0,,0,0
P-083,Mungamba,Komanda,MUNGAMBA,V-543,2.0,1.0,1100.0,,0,0
P-072,Mungamba,Komanda,MUNGAMBA,V-735,4.0,2.0,2000.0,,0,0
P-082,Mungamba,Komanda,MUNGAMBA,V-408,3.0,2.0,1080.0,,0,0
P-092,Mungamba,Komanda,MUNGAMBA,V-023,2.0,1.5,1550.0,,0,0
P-093,Mungamba,Komanda,MUNGAMBA,V-023,3.0,2.5,2500.0,,0,0
P-027,Mungamba,Komanda,MUNGAMBA,V-023,2.5,1.0,1111.0,,0,0
P-035,Mungamba,Komanda,MUNGAMBA,V-445,3.0,1.5,1550.0,,0,0
P-026,Mungamba,Komanda,MUNGAMBA,V-445,3.0,1.0,1111.0,,0,0
P-025,Mungamba,Komanda,MUNGAMBA,V-002,3.0,1.5,1500.0,,0,0
P-044,Mungamba,Komanda,MUNGAMBA,V-002,1.5,1.0,1100.0,,0,0
P-045,Mungamba,Komanda,MUNGAMBA,V-002,1.0,1.0,1111.0,,0,0
P-046,Mungamba,Komanda,MUNGAMBA,V-002,1.5,1.0,1100.0,,0,0
P-047,Mungamba,Komanda,MUNGAMBA,V-002,1.5,1.0,1111.0,,0,0
P-037,Mungamba,Komanda,MUNGAMBA,V-445,2.0,1.5,1560.0,,0,0
P-038,Mungamba,Komanda,MUNGAMBA,V-445,3.0,1.0,1111.0,,0,0
P-039,Mungamba,Komanda,MUNGAMBA,V-445,2.0,1.0,1111.0,,0,0
P-040,Mungamba,Komanda,MUNGAMBA,V-445,2.0,1.0,1080.0,,0,0
P-041,Mungamba,Komanda,MUNGAMBA,V-445,2.0,1.5,1550.0,,0,0
P-036,Mungamba,Komanda,MUNGAMBA,V-023,2.0,1.5,1500.0,,0,0
P-028,Mungamba,Komanda,MUNGAMBA,V-023,1.0,1.0,1111.0,,0,0
P-030,Mungamba,Komanda,MUNGAMBA,V-023,2.0,1.0,1111.2,,0,0
P-034,Mungamba,Komanda,MUNGAMBA,V-023,2.0,2.0,2222.0,,0,0
P-031,Mungamba,Komanda,MUNGAMBA,V-023,2.0,2.0,2222.0,,0,0
P-094,Mungamba,Komanda,MUNGAMBA,V-001,2.0,1.5,1500.0,,0,0
P-029,Mungamba,Komanda,MUNGAMBA,V-023,2.0,1.0,1111.0,,0,0
P-033,Mungamba,Komanda,MUNGAMBA,V-023,3.0,1.0,1110.0,,0,0
P-020,Mungamba,Komanda,MUNGAMBA,V-023,3.0,2.0,2200.0,,0,0
P-043,Mungamba,Komanda,MUNGAMBA,V-023,2.0,1.0,1100.0,,0,0
P-032,Mungamba,Komanda,MUNGAMBA,V-001,3.0,1.0,1111.0,,0,0
P-022,Mungamba,Komanda,MUNGAMBA,V-413,1.0,1.0,1111.0,,0,0
P-021,Mungamba,Komanda,MUNGAMBA,V-555,16.0,3.0,3200.0,,0,0
P-052,Mungamba,Komanda,MUNGAMBA,V-026,2.0,1.0,1111.0,,0,0
P-042,Mungamba,Komanda,MUNGAMBA,V-059,4.0,1.0,1111.0,,0,0
P-053,Mungamba,Komanda,MUNGAMBA,V-027,4.0,2.0,2220.0,,0,0
P-054,Mungamba,Komanda,MUNGAMBA,V-058,2.0,1.0,1100.0,,0,0
P-058,Mungamba,Komanda,MUNGAMBA,V-547,5.0,2.0,2200.0,,0,0
P-056,Mungamba,Komanda,MUNGAMBA,V-059,2.5,2.0,1111.0,,0,0
P-059,Mungamba,Komanda,MUNGAMBA,V-547,2.5,2.0,2200.0,,0,0
P-055,Mungamba,Komanda,MUNGAMBA,V-547,3.0,1.5,1500.0,,0,0
P-057,Mungamba,Komanda,MUNGAMBA,V-547,1.0,1.0,1100.0,,0,0
P-048,Mungamba,Komanda,MUNGAMBA,V-547,3.0,2.0,2200.0,,0,0
P-049,Mungamba,Komanda,MUNGAMBA,V-547,1.25,1.0,1100.0,,0,0
P-050,Mungamba,Komanda,MUNGAMBA,V-547,5.0,5.0,5530.0,,0,0
P-051,Mungamba,Komanda,MUNGAMBA,V-547,4.0,2.0,2200.0,,0,0
P-117,Mungamba,Komanda,MUNGAMBA,V-757,5.0,4.0,4430.0,,0,0
P-118,Mungamba,Komanda,MUNGAMBA,V-757,7.0,1.0,1111.0,,0,0
P-115,Mungamba,Komanda,MUNGAMBA,V-751,4.0,1.0,1111.0,,0,0
P-116,Mungamba,Komanda,MUNGAMBA,V-751,3.0,2.0,2200.0,,0,0
P-095,Mungamba,Komanda,MUNGAMBA,V-742,4.0,4.0,4400.0,,0,0
P-100,Mungamba,Komanda,MUNGAMBA,V-742,4.0,4.0,4000.0,,0,0
P-103,Mungamba,Komanda,MUNGAMBA,V-748,4.0,2.0,2200.0,,0,0
P-075,Mungamba,Komanda,MUNGAMBA,V-062,2.0,1.0,1111.0,,1,0
P-238,Mayuano,Makumo,TOKOLEKO,V-607,2.5,0.5,500.0,,0,0
P-239,Mayuano,Makumo,TOKOLEKO,V-607,5.0,3.0,3300.0,,0,0
P-240,Mayuano,Makumo,TOKOLEKO,V-607,3.0,1.0,1100.0,,0,0
P-157,Mayuano,Makumo,TOKOLEKO,V-553,3.0,1.0,1111.0,,0,0
P-241,Mayuano,Makumo,TOKOLEKO,V-607,17.0,15.0,15000.0,,0,0
P-182,Mayuano,Makumo,TOKOLEKO,V-553,2.5,0.5,500.0,,0,0
P-235,Mayuano,Makumo,TOKOLEKO,V-061,3.0,1.0,1100.0,,0,0
P-237,Mayuano,Makumo,TOKOLEKO,V-061,3.0,1.0,1100.0,,0,0
P-236,Mayuano,Makumo,TOKOLEKO,V-061,3.0,1.0,1111.0,,0,0
P-265,Mayuano,Makumo,MAYUANO,V-550,2.0,1.0,1110.0,,0,0
P-263,Mayuano,Makumo,MAYUANO,V-583,2.0,3.0,3020.0,,0,1
P-264,Mayuano,Makumo,MAYUANO,V-550,1.0,1.0,1110.0,,0,0
P-266,Mayuano,Makumo,MAYUANO,V-550,3.0,1.0,1111.0,,0,0
P-270,Mayuano,Makumo,MAYUANO,V-550,1.0,1.0,1100.0,,0,0
P-271,Mayuano,Makumo,MAYUANO,V-550,2.0,2.0,2200.0,,0,0
P-272,Mayuano,Makumo,MAYUANO,V-551,2.0,2.0,2200.0,,0,0
P-273,Mayuano,Makumo,MAYUANO,V-551,2.0,1.0,1111.0,,0,0
P-267,Mayuano,Makumo,MAYUANO,V-550,1.0,1.0,1100.0,,0,0
P-268,Mayuano,Makumo,MAYUANO,V-550,2.0,2.0,2220.0,,0,0
P-269,Mayuano,Makumo,MAYUANO,V-550,6.0,1.0,1111.0,,0,0
P-261,Mayuano,Makumo,MAYUANO,V-550,6.0,1.0,1100.0,,0,0
P-017,Mayuano,Makumo,MAYUANO,V-552,6.0,4.0,4400.0,,0,0
P-018,Mayuano,Makumo,MAYUANO,V-552,6.0,6.0,6666.0,,0,0
P-019,Mayuano,Makumo,MAYUANO,V-552,1.0,1.0,1110.0,,1,0
P-254,Mayuano,Makumo,MAYUANO,V-431,2.0,1.0,1111.0,,1,0
P-198,Mayuano,Mambasa,TOKOLEKO,V-354,25.0,9.0,9000.0,,0,0
P-199,Mayuano,Mambasa,TOKOLEKO,V-354,3.0,1.0,1100.0,,0,0
P-200,Mayuano,Mambasa,TOKOLEKO,V-354,6.0,1.0,1110.0,,0,0
P-201,Mayuano,Mambasa,TOKOLEKO,V-354,1.0,1.0,1111.0,,0,0
P-202,Mayuano,Mambasa,TOKOLEKO,V-354,3.0,1.0,1100.0,,0,0
P-203,Mayuano,Mambasa,TOKOLEKO,V-354,16.0,1.5,1500.0,,0,0
P-204,Mayuano,Mambasa,TOKOLEKO,V-354,6.0,1.5,1550.0,,0,0
P-205,Mayuano,Mambasa,TOKOLEKO,V-472,3.0,1.0,1100.0,,0,0
P-206,Mayuano,Mambasa,TOKOLEKO,V-472,3.0,1.0,1111.0,,0,0
P-208,Mayuano,Mambasa,TOKOLEKO,V-472,2.0,1.0,1111.0,,0,0
P-207,Mayuano,Mambasa,TOKOLEKO,V-472,4.5,1.0,1100.0,,0,0
P-209,Mayuano,Mambasa,TOKOLEKO,V-458,8.0,2.0,2210.0,,0,0
P-210,Mayuano,Mambasa,TOKOLEKO,V-458,10.0,2.0,2200.0,,0,0
P-211,Mayuano,Mambasa,TOKOLEKO,V-458,7.0,2.0,2222.0,,0,0
P-212,Mayuano,Mambasa,TOKOLEKO,V-458,1.5,0.5,510.0,,0,0
P-213,Mayuano,Mambasa,TOKOLEKO,V-458,3.0,2.0,2200.0,,0,0
P-214,Mayuano,Mambasa,TOKOLEKO,V-458,9.0,6.0,6500.0,,0,0
P-215,Mayuano,Mambasa,TOKOLEKO,V-458,2.0,1.0,1111.0,,0,0
P-216,Mayuano,Mambasa,TOKOLEKO,V-458,8.0,1.0,1100.0,,0,0
P-217,Mayuano,Mambasa,TOKOLEKO,V-458,5.0,2.0,2200.0,,0,0
P-218,Mayuano,Mambasa,TOKOLEKO,V-458,6.0,2.0,2222.0,,0,0
P-219,Mayuano,Mambasa,TOKOLEKO,V-458,10.0,4.0,4444.0,,0,0
P-220,Mayuano,Mambasa,TOKOLEKO,V-458,3.0,2.0,2200.0,,0,0
P-016,Mayuano,Makumo,MAYUANO,V-747,6.0,2.0,2222.0,,0,0
P-254,Mayuano,Makumo,MAYUANO,V-430,2.0,1.0,1111.0,,1,0
P-019,Mayuano,Makumo,MAYUANO,V-753,3.0,2.0,2222.0,,1,0
P-255,Mayuano,Makumo,MAYUANO,V-430,1.0,1.0,1100.0,,0,0
P-002,Mayuano,Makumo,MAYUANO,V-753,2.0,1.0,1111.0,,0,0
P-256,Mayuano,Makumo,MAYUANO,V-430,2.0,1.0,1100.0,,0,0
P-003,Mayuano,Makumo,MAYUANO,V-752,1.0,1.0,1000.0,,0,0
P-004,Mayuano,Makumo,MAYUANO,V-752,1.0,1.0,1110.0,,0,0
P-005,Mayuano,Makumo,MAYUANO,V-747,1.0,1.0,1000.0,,0,0
P-257,Mayuano,Makumo,MAYUANO,V-470,2.0,1.0,1111.0,,0,0
P-258,Mayuano,Makumo,MAYUANO,V-470,2.0,1.0,1111.0,,0,0
P-006,Mayuano,Makumo,MAYUANO,V-753,2.0,1.0,1100.0,,0,0
P-242,Mayuano,Makumo,MAYUANO,V-606,2.0,2.0,2220.0,,0,0
P-001,Mayuano,Makumo,MAYUANO,V-749,2.0,1.0,1111.0,,0,0
P-259,Mayuano,Makumo,MAYUANO,V-606,2.0,1.0,1100.0,,0,0
P-247,Mayuano,Makumo,MAYUANO,V-262,3.0,1.0,1100.0,,0,0
P-007,Mayuano,Makumo,MAYUANO,V-750,3.0,2.0,2200.0,,0,0
P-008,Mayuano,Makumo,MAYUANO,V-750,2.0,1.0,1111.0,,0,0
P-248,Mayuano,Makumo,MAYUANO,V-262,1.0,1.0,1000.0,,0,0
P-009,Mayuano,Makumo,MAYUANO,V-750,2.0,1.0,1000.0,,0,0
P-013,Mayuano,Makumo,MAYUANO,V-746,4.0,1.0,1110.0,,1,0
P-249,Mayuano,Makumo,MAYUANO,V-262,1.0,1.0,1100.0,,0,0
P-010,Mayuano,Makumo,MAYUANO,V-746,3.0,1.0,1000.0,,0,0
P-014,Mayuano,Makumo,MAYUANO,V-750,1.0,1.0,1100.0,,0,0
P-011,Mayuano,Makumo,MAYUANO,V-750,2.0,1.0,1111.0,,0,0
P-012,Mayuano,Makumo,MAYUANO,V-750,2.0,2.0,2020.0,,0,0
P-250,Mayuano,Makumo,MAYUANO,V-264,2.0,1.0,1111.0,,0,0
P-013,Mayuano,Makumo,MAYUANO,V-750,1.0,1.0,1100.0,,1,0
P-015,Mayuano,Makumo,MAYUANO,V-552,2.0,1.0,1000.0,,0,0
P-251,Mayuano,Makumo,MAYUANO,V-262,2.0,1.0,800.0,,0,0
P-252,Mayuano,Makumo,MAYUANO,V-353,2.0,1.5,1000.0,,0,0
P-253,Mayuano,Makumo,MAYUANO,V-353,4.0,1.0,750.0,,0,0
P-244,Mayuano,Makumo,MAYUANO,V-034,6.0,1.0,1100.0,,0,0
P-260,Mayuano,Makumo,MAYUANO,V-598,10.0,1.0,1111.0,,0,0
P-246,Mayuano,Makumo,MAYUANO,V-063,2.0,1.0,1100.0,,0,0
P-243,Mayuano,Makumo,MAYUANO,V-034,2.0,1.0,1100.0,,0,0
P-245,Mayuano,Makumo,MAYUANO,V-033,6.0,1.0,1111.0,,0,0
