ID_Menage,Section,Code_Producteur,Age,Taille_Menage,Superficie_Cacao_ha,Superficie_Productive_ha,Production_Cacao_kg,Vente_Cacao_kg,Recette_Cacao_USD,Cout_Cacao_USD,Rendement_kg_ha,Prix_kg_USD,Depenses_Menage_USD,Solde_Revenu_Depenses_USD,Revenu_Net_Total_USD,Seuil_LI_Ajuste_USD,Rev_Cacao,Rev_Cafe,Rev_Agroforesterie,Rev_Autres_Cultures,Rev_Elevage,Rev_Hors_Ferme,Rev_Transferts,Certifie,Forme,Credit,Sexe,Atteint_LI_Menage_Ref,Atteint_LI_Ajuste_Taille,Revenu_par_personne_jour,Flag_Outlier
1,Babungwe,M-001,48.0,13.0,4.0,4.0,1200.0,1180.0,4200.0,560.0,300.0,3.559322033898305,3200.0,1365.0,4565.0,5694.0,3640.0,0.0,825.0,100.0,0.0,0.0,0.0,1.0,1.0,0.0,Homme,1,0,0.9620653319283456,0
2,Babungwe,M-002,58.0,10.0,2.0,2.0,800.0,700.0,2800.0,602.0,400.0,4.0,1255.0,437.0,1692.0,4380.0,2198.0,0.0,-456.0,-50.0,0.0,0.0,0.0,1.0,1.0,0.0,Homme,0,0,0.4635616438356164,0
3,Babungwe,M-003,40.0,6.0,3.0,1.0,520.0,500.0,1820.0,410.0,520.0,3.64,1040.0,320.0,1360.0,2628.0,1410.0,0.0,0.0,-50.0,0.0,0.0,0.0,1.0,1.0,0.0,Homme,0,0,0.6210045662100456,0
4,Babungwe,M-004,55.0,10.0,6.0,4.0,1700.0,1600.0,5950.0,646.0,425.0,3.71875,3625.0,2918.0,6543.0,4380.0,5304.0,95.0,1144.0,0.0,0.0,0.0,0.0,1.0,1.0,0.0,Homme,1,1,1.7926027397260271,0
5,Babungwe,M-005,51.0,9.0,2.0,2.0,1100.0,1000.0,2750.0,80.0,550.0,2.75,2295.0,250.0,2545.0,3942.0,2670.0,0.0,-125.0,0.0,0.0,0.0,0.0,1.0,1.0,0.0,Homme,0,0,0.7747336377473364,0
6,Babungwe,M-006,35.0,5.0,2.0,1.0,290.0,280.0,1015.0,108.0,290.0,3.625,1110.0,542.0,1652.0,2190.0,907.0,0.0,675.0,70.0,0.0,0.0,0.0,1.0,1.0,0.0,Homme,0,0,0.9052054794520548,0
7,Babungwe,M-007,46.0,9.0,4.0,2.0,900.0,890.0,3150.0,1195.0,450.0,3.539325842696629,1125.0,780.0,1905.0,3942.0,1955.0,0.0,0.0,-50.0,0.0,0.0,0.0,1.0,1.0,0.0,Homme,0,0,0.5799086757990868,0
8,Babungwe,M-008,56.0,14.0,7.0,2.0,1500.0,1400.0,5250.0,610.0,750.0,3.75,4972.0,3.0,4975.0,6132.0,4640.0,0.0,335.0,0.0,0.0,0.0,0.0,1.0,1.0,0.0,Homme,1,0,0.9735812133072408,0
9,Babungwe,M-009,43.0,9.0,2.0,1.0,75.0,70.0,262.5,86.0,75.0,3.75,875.0,-413.5,461.5,3942.0,176.5,0.0,285.0,0.0,0.0,0.0,0.0,1.0,1.0,0.0,Femme,0,0,0.1404870624048706,0
10,Babungwe,M-010,43.0,10.0,4.0,3.5,1050.0,1030.0,3700.0,510.0,300.0,3.592233009708738,2385.0,755.0,3140.0,4380.0,3190.0,0.0,0.0,-50.0,0.0,0.0,0.0,1.0,1.0,0.0,Homme,1,0,0.8602739726027397,0
11,Babungwe,M-011,38.0,6.0,1.0,0.5,70.0,70.0,245.0,17.0,140.0,3.5,1017.0,-614.0,403.0,2628.0,228.0,0.0,185.0,-10.0,0.0,0.0,0.0,1.0,88.0,0.0,Femme,0,0,0.1840182648401826,0
12,Babungwe,M-012,48.0,8.0,2.5,1.0,300.0,290.0,1050.0,215.0,300.0,3.6206896551724137,2615.0,360.0,2975.0,3504.0,835.0,0.0,2150.0,-10.0,0.0,0.0,0.0,1.0,1.0,0.0,Homme,1,0,1.018835616438356,0
13,Babungwe,M-013,60.0,7.0,25.0,5.0,3000.0,2800.0,10500.0,680.0,600.0,3.75,6800.0,4905.0,11705.0,3066.0,9820.0,0.0,680.0,205.0,0.0,1000.0,0.0,1.0,1.0,0.0,Homme,1,1,4.581213307240704,0
14,Babungwe,M-014,44.0,3.0,1.5,1.0,650.0,600.0,2225.0,220.0,650.0,3.7083333333333335,1470.0,880.0,2350.0,1314.0,2005.0,0.0,345.0,0.0,0.0,0.0,0.0,1.0,1.0,0.0,Homme,0,1,2.146118721461187,0
15,Babungwe,M-015,40.0,9.0,3.0,1.0,1300.0,1290.0,4550.0,1823.0,1300.0,3.5271317829457365,2530.0,542.0,3072.0,3942.0,2727.0,0.0,345.0,0.0,0.0,0.0,0.0,1.0,1.0,0.0,Homme,1,0,0.935159817351598,0
16,Babungwe,M-016,52.0,8.0,5.0,3.0,1700.0,1600.0,4900.0,904.0,566.6666666666666,3.0625,2440.0,3711.0,6151.0,3504.0,3996.0,0.0,-320.0,200.0,2275.0,0.0,0.0,1.0,1.0,0.0,Homme,1,1,2.1065068493150685,0
17,Babungwe,M-017,32.0,5.0,3.0,16.0,450.0,400.0,1575.0,310.0,28.125,3.9375,1100.0,403.0,1503.0,2190.0,1265.0,0.0,0.0,0.0,238.0,0.0,0.0,1.0,1.0,0.0,Femme,0,0,0.8235616438356165,0
18,Babungwe,M-018,55.0,10.0,3.0,2.0,2900.0,2800.0,10150.0,12465.0,1450.0,3.625,1278.0,1557.0,835.0,4380.0,-2315.0,0.0,425.0,425.0,0.0,0.0,2300.0,1.0,1.0,0.0,Homme,0,0,0.2287671232876712,1
19,Babungwe,M-019,36.0,7.0,2.0,2.0,1750.0,1700.0,6625.0,448.0,875.0,3.897058823529412,4562.0,1565.0,6127.0,3066.0,6177.0,0.0,-50.0,0.0,0.0,0.0,0.0,1.0,1.0,0.0,Homme,1,1,2.3980430528375734,0
20,Babungwe,M-020,45.0,17.0,6.0,1.0,1050.0,1030.0,3675.0,215.0,1050.0,3.567961165048544,3635.0,-74.0,3461.0,7446.0,3460.0,0.0,0.0,0.0,0.0,0.0,1.0,1.0,1.0,0.0,Homme,1,0,0.5577759871071717,0
21,Babungwe,M-021,43.0,11.0,5.0,2.0,700.0,700.0,2450.0,150.0,350.0,3.5,2275.0,260.0,2535.0,4818.0,2300.0,0.0,295.0,-60.0,0.0,0.0,0.0,1.0,1.0,0.0,Homme,0,0,0.6313823163138232,0
22,Babungwe,M-022,42.0,8.0,4.0,2.0,1900.0,1800.0,6650.0,1406.0,950.0,3.6944444444444446,1885.0,2649.0,4534.0,3504.0,5244.0,0.0,-1010.0,0.0,0.0,300.0,0.0,1.0,1.0,0.0,Homme,1,1,1.5527397260273972,0
23,Mungamba,M-023,65.0,19.0,44.0,42.0,4500.0,4495.0,18000.0,3820.0,107.14285714285714,4.004449388209121,3906.0,9239.0,13145.0,8322.0,14180.0,305.0,-1140.0,-200.0,0.0,0.0,0.0,1.0,1.0,0.0,Homme,1,1,1.8954578226387888,0
24,Mungamba,M-024,34.0,16.0,3.0,1.0,900.0,900.0,3600.0,2410.0,900.0,4.0,1550.0,-1340.0,210.0,7008.0,1190.0,0.0,-630.0,-350.0,0.0,0.0,0.0,1.0,1.0,0.0,Homme,0,0,0.035958904109589,0
25,Mungamba,M-025,48.0,7.0,5.0,5.0,1800.0,1800.0,7200.0,1150.0,360.0,4.0,992.0,5323.0,6315.0,3066.0,6050.0,0.0,285.0,-20.0,0.0,0.0,0.0,1.0,1.0,0.0,Femme,1,1,2.471624266144814,0
26,Mungamba,M-026,48.0,12.0,6.0,6.0,2650.0,2645.0,9250.0,3320.0,441.6666666666667,3.497164461247637,1325.0,2924.0,4249.0,5256.0,5930.0,0.0,-1540.0,-200.0,59.0,0.0,0.0,1.0,1.0,0.0,Homme,1,0,0.9700913242009132,0
27,Mungamba,M-027,34.0,9.0,2.0,2.0,1200.0,1200.0,4800.0,1550.0,600.0,4.0,1110.0,1950.0,3060.0,3942.0,3250.0,0.0,0.0,-190.0,0.0,0.0,0.0,1.0,1.0,0.0,Homme,1,0,0.9315068493150684,0
28,Mungamba,M-028,57.0,13.0,4.0,2.0,1200.0,1200.0,4800.0,2190.0,600.0,4.0,1160.0,221.0,1381.0,5694.0,2610.0,0.0,-580.0,-649.0,0.0,0.0,0.0,1.0,1.0,0.0,Homme,0,0,0.2910432033719705,0
29,Mungamba,M-029,52.0,15.0,7.0,5.0,3000.0,3000.0,12000.0,360.0,600.0,4.0,1845.0,8335.0,10180.0,6570.0,11640.0,0.0,-1360.0,-100.0,0.0,0.0,0.0,1.0,1.0,0.0,Homme,1,1,1.8593607305936075,0
30,Mungamba,M-030,47.0,10.0,2.5,1.0,750.0,750.0,3000.0,2230.0,750.0,4.0,1210.0,-1100.0,110.0,4380.0,770.0,0.0,-560.0,-100.0,0.0,0.0,0.0,1.0,1.0,0.0,Homme,0,0,0.0301369863013698,0
31,Mungamba,M-031,54.0,14.0,9.0,9.0,4500.0,4500.0,18000.0,2540.0,500.0,4.0,1080.0,14180.0,15260.0,6132.0,15460.0,0.0,-100.0,-100.0,0.0,0.0,0.0,1.0,1.0,0.0,Homme,1,1,2.9863013698630136,1
32,Mungamba,M-032,50.0,12.0,6.0,4.0,2250.0,2250.0,9000.0,2120.0,562.5,4.0,5585.0,15.0,5600.0,5256.0,6880.0,0.0,-1030.0,-250.0,0.0,0.0,0.0,1.0,1.0,0.0,Homme,1,1,1.2785388127853885,0
33,Mungamba,M-033,53.0,12.0,8.0,8.0,3000.0,2990.0,12000.0,2400.0,375.0,4.013377926421405,1510.0,6860.0,8370.0,5256.0,9600.0,0.0,-1080.0,-150.0,0.0,0.0,0.0,1.0,1.0,0.0,Homme,1,1,1.910958904109589,0
34,Mungamba,M-034,65.0,15.0,44.0,44.0,15000.0,14950.0,60000.0,2605.0,340.90909090909093,4.013377926421405,2480.0,57225.0,59705.0,6570.0,57395.0,0.0,10.0,-200.0,0.0,2500.0,0.0,1.0,1.0,0.0,Homme,1,1,10.905022831050228,1
35,Mungamba,M-035,49.0,15.0,2.5,2.5,750.0,745.0,3000.0,2205.0,300.0,4.026845637583893,3220.0,1990.0,5210.0,6570.0,795.0,0.0,-735.0,-100.0,0.0,5250.0,0.0,1.0,1.0,0.0,Homme,1,0,0.9515981735159816,0
36,Mungamba,M-036,43.0,11.0,2.0,2.0,900.0,895.0,3600.0,2160.0,450.0,4.022346368715084,1080.0,710.0,1790.0,4818.0,1440.0,0.0,-1120.0,-30.0,0.0,1500.0,0.0,1.0,0.0,1.0,Homme,0,0,0.4458281444582814,0
37,Mungamba,M-037,34.0,10.0,3.0,3.0,1050.0,445.0,4200.0,1525.0,350.0,9.438202247191011,1350.0,165.0,1515.0,4380.0,2675.0,0.0,-1010.0,-150.0,0.0,0.0,0.0,1.0,1.0,0.0,Homme,0,0,0.4150684931506849,1
38,Mungamba,M-038,44.0,12.0,1.0,1.0,900.0,895.0,3600.0,1830.0,900.0,4.022346368715084,1340.0,535.0,1875.0,5256.0,1770.0,0.0,-695.0,800.0,0.0,0.0,0.0,1.0,1.0,0.0,Homme,0,0,0.4280821917808219,0
39,Mungamba,M-039,40.0,10.0,1.0,1.0,750.0,745.0,3000.0,2035.0,750.0,4.026845637583893,1230.0,4440.0,5170.0,4380.0,965.0,0.0,-695.0,-100.0,0.0,2500.0,2500.0,1.0,1.0,0.0,Homme,1,1,1.4164383561643836,0
40,Mungamba,M-040,53.0,12.0,4.0,3.0,1200.0,1395.0,4800.0,2060.0,400.0,3.4408602150537635,1595.0,425.0,2020.0,5256.0,2740.0,0.0,-750.0,-50.0,80.0,0.0,0.0,1.0,1.0,0.0,Homme,0,0,0.4611872146118722,0
41,Mungamba,M-041,40.0,10.0,5.0,5.0,1050.0,2245.0,4200.0,1810.0,210.0,1.870824053452116,1350.0,1190.0,2540.0,4380.0,2390.0,0.0,-295.0,-65.0,510.0,0.0,0.0,88.0,1.0,0.0,Homme,0,0,0.6958904109589041,0
42,Mungamba,M-042,40.0,12.0,5.0,5.0,1500.0,1495.0,6000.0,1760.0,300.0,4.013377926421405,1715.0,2075.0,3790.0,5256.0,4240.0,0.0,-810.0,-50.0,410.0,0.0,0.0,0.0,1.0,0.0,Homme,1,0,0.865296803652968,0
43,Mungamba,M-043,39.0,9.0,3.0,3.0,1200.0,1195.0,4800.0,2060.0,400.0,4.01673640167364,1570.0,620.0,2190.0,3942.0,2740.0,0.0,-550.0,0.0,0.0,0.0,0.0,88.0,1.0,0.0,Homme,0,0,0.6666666666666667,0
44,Mungamba,M-044,66.0,9.0,1.5,1.5,300.0,295.0,1200.0,1105.0,200.0,4.067796610169491,1120.0,-1004.0,116.0,3942.0,95.0,0.0,-615.0,-50.0,686.0,0.0,0.0,88.0,1.0,1.0,Homme,0,0,0.0353120243531202,0
45,Mungamba,M-045,40.0,10.0,2.0,2.0,900.0,895.0,3600.0,1775.0,450.0,4.022346368715084,1550.0,450.0,2000.0,4380.0,1825.0,0.0,-335.0,-100.0,610.0,0.0,0.0,1.0,1.0,0.0,Homme,0,0,0.547945205479452,0
46,Mambasa,M-046,67.0,16.0,3.0,2.0,1200.0,1200.0,4680.0,400.0,600.0,3.9,1240.0,4926.0,6146.0,7008.0,4280.0,0.0,1385.0,480.0,0.0,0.0,1.0,1.0,1.0,0.0,Homme,1,0,1.0523972602739726,0
47,Mambasa,M-047,40.0,11.0,3.0,1.0,550.0,550.0,2790.0,150.0,550.0,5.072727272727272,2090.0,976.0,3036.0,4818.0,2640.0,0.0,445.0,-50.0,0.0,0.0,1.0,1.0,1.0,0.0,Homme,1,0,0.7561643835616438,0
48,Mambasa,M-048,64.0,12.0,2.0,2.0,622.0,622.0,2194.4,190.0,311.0,3.527974276527331,1680.0,799.4000000000001,2479.4,5256.0,2004.4,0.0,460.0,15.0,0.0,0.0,0.0,1.0,1.0,0.0,Homme,0,0,0.5660730593607306,0
49,Mambasa,M-049,67.0,10.0,2.0,1.0,350.0,350.0,910.0,380.0,350.0,2.6,1750.0,-785.0,965.0,4380.0,530.0,0.0,455.0,-20.0,0.0,0.0,0.0,1.0,1.0,0.0,Femme,0,0,0.2643835616438356,0
50,Mambasa,M-050,51.0,4.0,3.0,1.0,650.0,650.0,2444.0,185.0,650.0,3.76,572.0,1727.0,2299.0,1752.0,2259.0,0.0,145.0,-10.0,-95.0,0.0,0.0,1.0,1.0,0.0,Homme,0,1,1.5746575342465754,0
51,Mambasa,M-051,45.0,9.0,3.0,1.5,850.0,850.0,2600.0,340.0,566.6666666666666,3.0588235294117645,1460.0,1270.0,2730.0,3942.0,2260.0,0.0,490.0,4.0,-24.0,0.0,0.0,1.0,1.0,0.0,Homme,1,0,0.8310502283105022,0
52,Mambasa,M-052,36.0,12.0,3.0,1.0,1400.0,1400.0,4040.0,639.0,1400.0,2.8857142857142857,3570.0,1711.0,5281.0,5256.0,3401.0,0.0,1380.0,0.0,0.0,500.0,0.0,1.0,1.0,0.0,Homme,1,1,1.2057077625570776,0
53,Mambasa,M-053,41.0,12.0,3.125,1.0,750.0,750.0,2600.0,360.0,750.0,3.466666666666667,1700.0,784.0,2464.0,5256.0,2240.0,0.0,275.0,-30.0,-22.0,0.0,1.0,1.0,1.0,0.0,Homme,0,0,0.5625570776255708,0
54,Mambasa,M-054,42.0,19.0,3.0,3.0,700.0,1200.0,1500.0,335.0,233.3333333333333,1.25,3630.0,-1045.0,2585.0,8322.0,1165.0,0.0,270.0,-50.0,0.0,1200.0,0.0,1.0,1.0,0.0,Homme,0,0,0.3727469358327325,0
55,Mambasa,M-055,40.0,11.0,6.0,3.0,2200.0,2200.0,9620.0,1950.0,733.3333333333334,4.372727272727273,3210.0,5800.0,9010.0,4818.0,7670.0,0.0,1380.0,-40.0,0.0,0.0,0.0,1.0,1.0,0.0,Homme,1,1,2.244084682440847,0
56,Mambasa,M-056,47.0,4.0,3.0,3.0,900.0,2340.0,4420.0,360.0,300.0,1.8888888888888888,2470.0,1590.0,4060.0,1752.0,4060.0,0.0,0.0,0.0,0.0,0.0,0.0,1.0,1.0,0.0,Homme,1,1,2.780821917808219,0
57,Mambasa,M-057,40.0,10.0,4.0,2.0,380.0,380.0,1716.0,475.0,190.0,4.515789473684211,1310.0,-9.0,1301.0,4380.0,1241.0,0.0,0.0,60.0,0.0,0.0,0.0,1.0,1.0,0.0,Femme,0,0,0.3564383561643835,0
58,Mambasa,M-058,60.0,5.0,5.0,3.0,1200.0,1200.0,5200.0,360.0,400.0,4.333333333333333,2740.0,2920.0,5660.0,2190.0,4840.0,0.0,820.0,-50.0,0.0,50.0,0.0,1.0,1.0,0.0,Homme,1,1,3.1013698630136988,0
59,Mambasa,M-059,54.0,33.0,5.0,5.0,2100.0,2100.0,8536.0,1030.0,420.0,4.064761904761904,1365.0,7961.0,9326.0,14454.0,7506.0,0.0,1520.0,0.0,0.0,300.0,0.0,1.0,1.0,0.0,Homme,1,0,0.7742631797426318,0
60,Mambasa,M-060,50.0,10.0,3.0,2.0,720.0,720.0,3172.0,390.0,360.0,4.405555555555556,1430.0,3653.0,5033.0,4380.0,2782.0,0.0,2220.0,30.0,0.0,0.0,1.0,1.0,1.0,0.0,Homme,1,1,1.378904109589041,0
61,Mambasa,M-061,52.0,23.0,3.0,2.5,1700.0,1700.0,7020.0,850.0,680.0,4.129411764705883,4520.0,3025.0,7545.0,10074.0,6170.0,0.0,1275.0,0.0,0.0,100.0,0.0,1.0,1.0,0.0,Homme,1,0,0.8987492555092317,0
62,Mambasa,M-062,64.0,17.0,3.0,2.5,650.0,650.0,2600.0,270.0,260.0,4.0,1246.0,1894.0,3140.0,7446.0,2330.0,0.0,860.0,-50.0,0.0,0.0,0.0,1.0,1.0,0.0,Homme,1,0,0.5060435132957293,0
63,Mambasa,M-063,62.0,9.0,1.5,1.0,450.0,450.0,2080.0,119.5,450.0,4.622222222222222,1416.0,1470.5,2686.5,3942.0,1960.5,0.0,-105.0,-20.0,0.0,850.0,1.0,1.0,1.0,0.0,Homme,1,0,0.8178082191780822,0
64,Mambasa,M-064,44.0,8.0,3.0,1.0,450.0,450.0,2002.0,285.0,450.0,4.448888888888889,2280.0,-148.0,2132.0,3504.0,1717.0,0.0,435.0,-20.0,0.0,0.0,0.0,1.0,1.0,0.0,Homme,0,0,0.7301369863013699,0
65,Mambasa,M-065,60.0,13.0,3.0,2.5,420.0,450.0,1872.0,485.0,168.0,4.16,1530.0,992.0,2522.0,5694.0,1387.0,0.0,1135.0,0.0,0.0,0.0,0.0,1.0,1.0,0.0,Homme,0,0,0.5315068493150685,0
66,Mambasa,M-066,70.0,17.0,4.5,3.5,2100.0,2100.0,7800.0,1480.0,600.0,3.7142857142857135,1850.0,5011.0,6811.0,7446.0,6320.0,0.0,140.0,-50.0,0.0,400.0,1.0,1.0,1.0,0.0,Homme,1,0,1.097663174858985,0
67,Mambasa,M-067,50.0,13.0,3.0,1.0,350.0,350.0,1560.0,285.0,350.0,4.457142857142857,2100.0,-775.0,1325.0,5694.0,1275.0,0.0,0.0,50.0,0.0,0.0,0.0,1.0,1.0,0.0,Homme,0,0,0.2792413066385669,0
68,Mayuano,M-068,37.0,4.0,4.0,2.0,1800.0,1750.0,3600.0,2100.0,900.0,2.057142857142857,2425.0,-959.0,1466.0,1752.0,1500.0,0.0,0.0,-34.0,0.0,0.0,0.0,1.0,1.0,0.0,Homme,0,0,1.0041095890410958,0
69,Mayuano,M-069,39.0,4.0,6.0,2.0,1200.0,1900.0,2400.0,270.0,600.0,1.263157894736842,1230.0,900.0,2130.0,1752.0,2130.0,0.0,0.0,0.0,0.0,0.0,0.0,88.0,0.0,0.0,Homme,0,1,1.4589041095890412,0
70,Mayuano,M-070,60.0,8.0,7.0,5.0,3800.0,3790.0,5600.0,380.0,760.0,1.4775725593667546,2239.0,3181.0,5320.0,3504.0,5220.0,0.0,0.0,0.0,0.0,0.0,100.0,1.0,1.0,0.0,Homme,1,1,1.821917808219178,0
71,Mayuano,M-071,40.0,10.0,1.0,1.0,800.0,1200.0,1600.0,2065.0,800.0,1.3333333333333333,3640.0,14406.0,17996.0,4380.0,-465.0,0.0,19311.0,-900.0,0.0,0.0,50.0,1.0,1.0,0.0,Homme,1,1,4.930410958904109,1
72,Mayuano,M-072,37.0,11.0,3.0,3.0,1800.0,1800.0,3600.0,2830.0,600.0,2.0,2441.0,-141.0,2300.0,4818.0,770.0,1010.0,120.0,400.0,0.0,0.0,0.0,1.0,1.0,0.0,Homme,0,0,0.572851805728518,0
73,Mayuano,M-073,54.0,8.0,6.0,5.0,3000.0,1780.0,6000.0,1555.0,600.0,3.3707865168539324,3826.8,618.1999999999998,4445.0,3504.0,4445.0,0.0,0.0,0.0,0.0,0.0,0.0,1.0,1.0,0.0,Homme,1,1,1.5222602739726028,0
74,Mayuano,M-074,57.0,11.0,4.0,4.0,3500.0,3500.0,10000.0,289.0,875.0,2.857142857142857,5039.0,6327.0,10866.0,4818.0,9711.0,0.0,135.0,0.0,0.0,1000.0,20.0,88.0,1.0,0.0,Homme,1,1,2.706351183063512,0
75,Mayuano,M-075,51.0,6.0,4.0,3.0,4400.0,4400.0,11800.0,2290.0,1466.6666666666667,2.6818181818181817,2900.0,6410.0,9310.0,2628.0,9510.0,0.0,0.0,-200.0,0.0,0.0,0.0,1.0,1.0,1.0,Homme,1,1,4.251141552511416,1
76,Mayuano,M-076,58.0,14.0,6.0,3.0,2300.0,2300.0,4600.0,2220.0,766.6666666666666,2.0,4849.0,-5679.0,-830.0,6132.0,2380.0,0.0,-3210.0,0.0,0.0,0.0,0.0,0.0,0.0,0.0,Homme,0,0,-0.162426614481409,0
77,Mayuano,M-077,49.0,9.0,9.0,4.0,4800.0,4800.0,9600.0,1091.33,1200.0,2.0,6493.66,3271.01,9764.67,3942.0,8508.67,280.0,698.0,-22.0,0.0,300.0,0.0,1.0,1.0,0.0,Homme,1,1,2.972502283105023,0
78,Mayuano,M-078,70.0,7.0,4.0,2.0,2100.0,2100.0,4200.0,77.0,1050.0,2.0,5902.0,-878.5,4523.5,3066.0,4123.0,0.0,0.0,-99.5,0.0,0.0,500.0,1.0,1.0,0.0,Homme,1,1,1.770450097847358,0
79,Mayuano,M-079,44.0,3.0,4.0,3.0,2989.0,2980.0,5964.0,1245.0,996.3333333333334,2.001342281879195,2595.0,2204.0,4799.0,1314.0,4719.0,0.0,680.0,-600.0,0.0,0.0,0.0,1.0,1.0,0.0,Homme,1,1,4.382648401826485,0
80,Mayuano,M-080,51.0,3.0,4.0,2.0,1800.0,1800.0,3600.0,50.0,900.0,2.0,2119.0,10276.0,12395.0,1314.0,3550.0,0.0,8990.0,-145.0,0.0,0.0,0.0,88.0,0.0,0.0,Homme,1,1,11.319634703196348,0
81,Mayuano,M-081,59.0,13.0,10.0,3.0,3100.0,2990.0,6200.0,870.0,1033.3333333333333,2.0735785953177257,3428.0,3902.0,7330.0,5694.0,5330.0,0.0,0.0,0.0,0.0,2000.0,0.0,1.0,1.0,0.0,Homme,1,1,1.5447839831401475,0
82,Mayuano,M-082,43.0,10.0,3.0,3.0,2600.0,2590.0,7600.0,2765.0,866.6666666666666,2.9343629343629343,1360.0,2360.0,3665.0,4380.0,4835.0,0.0,-1225.0,0.0,0.0,0.0,55.0,,1.0,0.0,Homme,1,0,1.0041095890410958,0
83,Mayuano,M-083,47.0,4.0,2.0,2.0,1600.0,1600.0,4800.0,290.0,800.0,3.0,2433.0,2069.0,4502.0,1752.0,4510.0,0.0,0.0,-8.0,0.0,0.0,0.0,,1.0,0.0,Homme,1,1,3.0835616438356164,0
84,Mayuano,M-084,39.0,4.0,2.0,1.0,900.0,890.0,1800.0,190.0,900.0,2.02247191011236,3980.0,-2370.0,1610.0,1752.0,1610.0,0.0,0.0,0.0,0.0,0.0,0.0,88.0,0.0,0.0,Homme,0,0,1.1027397260273972,0
85,Mayuano,M-085,35.0,5.0,5.0,5.0,3300.0,3300.0,12200.0,6355.0,660.0,3.696969696969697,2445.0,3600.0,5945.0,2190.0,5845.0,0.0,0.0,0.0,0.0,0.0,100.0,1.0,0.0,0.0,Homme,1,1,3.2575342465753425,0
86,Mayuano,M-086,42.0,9.0,2.0,2.0,1750.0,1720.0,5250.0,815.0,875.0,3.052325581395349,1841.0,2077.0,3918.0,3942.0,4435.0,0.0,-517.0,0.0,0.0,0.0,0.0,88.0,1.0,0.0,Homme,1,0,1.1926940639269406,0
87,Mayuano,M-087,42.0,10.0,6.0,4.0,3800.0,3700.0,12100.0,760.0,950.0,3.27027027027027,2565.0,9244.0,11809.0,4380.0,11340.0,0.0,599.0,-130.0,0.0,0.0,0.0,88.0,0.0,0.0,Homme,1,1,3.235342465753425,0
88,Mayuano,M-088,46.0,10.0,9.0,4.0,3200.0,3200.0,8000.0,249.0,800.0,2.5,2420.0,6175.0,8515.0,4380.0,7751.0,0.0,0.0,-36.0,0.0,600.0,200.0,1.0,1.0,0.0,Homme,1,1,2.3328767123287677,0
